двоичка,АЛФАВИТ
00001,А
00010,Б
00011,В
00100,Г
00101,Д
00110,Е
00111,Ё
01000,Ж
01001,З
01010,И
01011,Й
01100,К
01101,Л
01110,М
01111,Н
10000,О
10001,П
10010,Р
10011,С
10100,Т
10101,У
10110,Ф
10111,Х
11000,Ц
11001,Ч
11010,Ш
11011,Щ
11100,Ъ
11101,Ы
11110,Ь
11111,Э
